{
  "beta": [
    -4.430369851877997e-09,
    140313.4344983219,
    0.0,
    -46419.53896750542
  ],
  "mu": [
    2018.3733333333332,
    1.0,
    142192.56
  ],
  "sigma": [
    3.5242903146906333,
    1.0,
    77300.45689079977
  ],
  "y_mean": 539986.6666666666,
  "reg": "elasticnet",
  "lambda": 10.0,
  "elastic_alpha": 0.5,
  "epochs_trained": 656,
  "final_loss": 496916433238.1955,
  "r2": 0.8548021062309081,
  "feature_order": [
    "year",
    "gear_bin",
    "mile"
  ]
}