{
  "beta": [
    6.402126847159908e-10,
    143946.4277644956,
    11943.82031984343,
    -31874.82793733026
  ],
  "mu": [
    2017.8528301886793,
    0.9924528301886792,
    144309.7433962264
  ],
  "sigma": [
    4.166017227184964,
    0.08654599955607332,
    86955.94009161867
  ],
  "y_mean": 505844.90566037735,
  "reg": "none",
  "lambda": 10.0,
  "elastic_alpha": 0.5,
  "epochs_trained": 997,
  "final_loss": 2444915380333.3506,
  "feature_order": [
    "year",
    "gear_bin",
    "mile"
  ]
}